{"cameraMode":{"drawMode":0,"name":"Shaded","section":"Shading Mode"},"sceneLighting":false,"audioPlay":false,"sceneViewState":{"m_AlwaysRefresh":false,"showFog":true,"showSkybox":false,"showFlares":true,"showImageEffects":true,"showParticleSystems":true,"showVisualEffectGraphs":true,"m_FxEnabled":true},"in2DMode":false,"pivot":{"x":-11.223637580871582,"y":6.865605354309082,"z":1.3266559839248658},"rotation":{"x":0.019110169261693956,"y":0.9755979776382446,"z":-0.1971905380487442,"w":0.09658443927764893},"size":0.36969059705734255,"orthographic":false}