{"cameraMode":{"drawMode":0,"name":"Shaded","section":"Shading Mode"},"sceneLighting":false,"audioPlay":false,"sceneViewState":{"m_AlwaysRefresh":false,"showFog":true,"showSkybox":false,"showFlares":true,"showImageEffects":true,"showParticleSystems":true,"showVisualEffectGraphs":true,"m_FxEnabled":true},"in2DMode":false,"pivot":{"x":-0.1711496114730835,"y":0.16382825374603272,"z":0.387192964553833},"rotation":{"x":0.04430577531456947,"y":0.9552059769630432,"z":-0.19058939814567567,"w":0.22497335076332093},"size":4.207963943481445,"orthographic":false}