{"cameraMode":{"drawMode":0,"name":"Shaded","section":"Shading Mode"},"sceneLighting":true,"audioPlay":false,"sceneViewState":{"m_AlwaysRefresh":false,"showFog":true,"showSkybox":true,"showFlares":true,"showImageEffects":true,"showParticleSystems":true,"showVisualEffectGraphs":true,"m_FxEnabled":true},"in2DMode":false,"pivot":{"x":1.5809605121612549,"y":34.602020263671878,"z":15.706650733947754},"rotation":{"x":-0.0064175911247730259,"y":0.8927906155586243,"z":-0.4512685239315033,"w":-0.01309902872890234},"size":2.118131637573242,"orthographic":false}