{"cameraMode":{"drawMode":0,"name":"Shaded","section":"Shading Mode"},"sceneLighting":true,"audioPlay":false,"sceneViewState":{"m_AlwaysRefresh":false,"showFog":true,"showSkybox":true,"showFlares":true,"showImageEffects":true,"showParticleSystems":true,"showVisualEffectGraphs":true,"m_FxEnabled":true},"in2DMode":false,"pivot":{"x":114.93392944335938,"y":136.6717071533203,"z":-131.06431579589845},"rotation":{"x":-0.4537830948829651,"y":-0.35496267676353457,"z":0.19619953632354737,"w":-0.7941529154777527},"size":1.1291147470474244,"orthographic":false}